﻿<?xml version="1.0" encoding="utf-8"?>
<Deployment xmlns="http://schemas.microsoft.com/windowsphone/2014/deployment" AppPlatformVersion="8.1">
  <DefaultLanguage xmlns="" code="en-US" />
  <App xmlns="" ProductID="{244d9e39-f649-44f1-8e16-76ef7ffa7a00}" Title="Basic Capturing Sl81" RuntimeType="Silverlight" Version="1.0.0.0" Genre="apps.normal" Author="PhoneSilverlight81 author" Description="Sample description" SDOptOut="false" BackUpOptOut="false" Publisher="PhoneSilverlight81" PublisherID="{c0d1e0a2-119b-47b6-84e9-6aa1d5ec9cc8}">
    <IconPath IsRelative="true" IsResource="false">Assets\ApplicationIcon.png</IconPath>
    <Capabilities>
      <Capability Name="ID_CAP_NETWORKING" />
      <Capability Name="ID_CAP_MEDIALIB_AUDIO" />
      <Capability Name="ID_CAP_MEDIALIB_PLAYBACK" />
      <Capability Name="ID_CAP_SENSORS" />
      <Capability Name="ID_CAP_WEBBROWSERCOMPONENT" />
    </Capabilities>
    <Tasks>
      <DefaultTask Name="_default" NavigationPage="MainPage.xaml" ActivationPolicy="Resume" />
    </Tasks>
    <Tokens>
      <PrimaryToken TokenID="PhoneSilverlight81Token" TaskName="_default">
        <TemplateFlip>
          <SmallImageURI IsRelative="true" IsResource="false">Assets\Tiles\FlipCycleTileSmall.png</SmallImageURI>
          <Count>0</Count>
          <BackgroundImageURI IsRelative="true" IsResource="false">Assets\Tiles\FlipCycleTileMedium.png</BackgroundImageURI>
          <Title>PhoneSilverlight81</Title>
          <BackContent>
          </BackContent>
          <BackBackgroundImageURI>
          </BackBackgroundImageURI>
          <BackTitle>
          </BackTitle>
          <DeviceLockImageURI>
          </DeviceLockImageURI>
          <HasLarge>
          </HasLarge>
        </TemplateFlip>
      </PrimaryToken>
    </Tokens>
    <ScreenResolutions>
      <ScreenResolution Name="ID_RESOLUTION_WVGA" />
      <ScreenResolution Name="ID_RESOLUTION_WXGA" />
      <ScreenResolution Name="ID_RESOLUTION_HD720P" />
    </ScreenResolutions>
  </App>
</Deployment>